,file
0,data/photoset/01.png
1,data/photoset/02.png
2,data/photoset/03.png
3,data/photoset/04.png
4,data/photoset/05.png
5,data/photoset/06.png
6,data/photoset/07.png
7,data/photoset/08.png
8,data/photoset/09.png
9,data/photoset/10.png
10,data/photoset/11.png
11,data/photoset/12.png
12,data/photoset/13.png
13,data/photoset/14.png
14,data/photoset/15.png
15,data/photoset/16.png
16,data/photoset/17.png
17,data/photoset/18.png
18,data/photoset/19.png
19,data/photoset/20.png
20,data/photoset/21.png
21,data/photoset/22.png
22,data/photoset/23.png
23,data/photoset/24.png
24,data/photoset/25.png
25,data/photoset/26.png
26,data/photoset/27.png
27,data/photoset/28.png
28,data/photoset/29.png
29,data/photoset/30.png
30,data/photoset/31.png
31,data/photoset/32.png
32,data/photoset/33.png
33,data/photoset/34.png
34,data/photoset/35.png
35,data/photoset/36.png
36,data/photoset/37.png
37,data/photoset/38.png
38,data/photoset/39.png
39,data/photoset/40.png
40,data/photoset/41.png
41,data/photoset/42.png
42,data/photoset/43.png
43,data/photoset/44.png
44,data/photoset/45.png
45,data/photoset/46.png
46,data/photoset/47.png
47,data/photoset/48.png
48,data/photoset/49.png
49,data/photoset/50.png
50,data/photoset/51.png
51,data/photoset/52.png
52,data/photoset/53.png
53,data/photoset/54.png
54,data/photoset/55.png
55,data/photoset/56.png
56,data/photoset/57.png
57,data/photoset/58.png
58,data/photoset/59.png
59,data/photoset/60.png
60,data/photoset/61.png
61,data/photoset/62.png
62,data/photoset/63.png
63,data/photoset/64.png
64,data/photoset/65.png
65,data/photoset/66.png
66,data/photoset/67.png
67,data/photoset/68.png
68,data/photoset/69.png
69,data/photoset/70.png
70,data/photoset/71.png
71,data/photoset/72.png
72,data/photoset/73.png
73,data/photoset/74.png
74,data/photoset/75.png
75,data/photoset/76.png
76,data/photoset/77.png
77,data/photoset/78.png
78,data/photoset/79.png
79,data/photoset/80.png
80,data/photoset/81.png
81,data/photoset/82.png
82,data/photoset/83.png
83,data/photoset/84.png
84,data/photoset/85.png
85,data/photoset/86.png
86,data/photoset/87.png
87,data/photoset/88.png
88,data/photoset/89.png
89,data/photoset/90.png
90,data/photoset/91.png
